url,name,address,city,state,phone
https://www.montaguedental.ca/site/home?utm_source=G&utm_medium=LPM&utm_campaign=DentalCorp,Results,"îƒˆ4B Riverside Dr, Montague, PE C0A 1R0, Canada",PE C0A 1R0,Canada,î‚°+1 902-813-6169
http://keepsmilingcornwall.com/,Results,"îƒˆ11 Church St, Cornwall, PE C0A 1H0, Canada",PE C0A 1H0,Canada,î‚°+1 902-566-4004
https://www.waterviewdentalpei.ca/,Results,"îƒˆ519 N River Rd, Charlottetown, PE C1E 1J6, Canada",PE C1E 1J6,Canada,î‚°+1 902-628-8088
https://www.wsdc.ca/site/home?utm_source=G&utm_medium=LPM&utm_campaign=DentalCorp,Results,"îƒˆ645 Water St E, Summerside, PE C1N 4H9, Canada",PE C1N 4H9,Canada,î‚°+1 902-712-5404
http://www.gatewaydentalpei.com/,Results,"îƒˆ369 Grafton St, Charlottetown, PE C1A 1M1, Canada",PE C1A 1M1,Canada,î‚°+1 902-892-4444
http://northwestdentistry.ca/,Results,"îƒˆ21 John Yeo Dr Ste 4, Charlottetown, PE C1E 3J3, Canada",PE C1E 3J3,Canada,î‚°+1 902-566-1010
https://morell.ca/,Results,"îƒˆ12 Sunset Crescent, Morell, PE C0A 1S0, Canada",PE C0A 1S0,Canada,î‚°+1 902-961-2900
https://www.drkerbybruceandassociates.ca/site/home?utm_source=G&utm_medium=LPM&utm_campaign=DentalCorp,Results,"îƒˆ184 Belvedere Ave, Charlottetown, PE C1A 2Z1, Canada",PE C1A 2Z1,Canada,î‚°+1 902-813-5015
http://www.belvederedental.ca/,Results,"îƒˆ184 Belvedere Ave, Charlottetown, PE C1A 2Z1, Canada",PE C1A 2Z1,Canada,î‚°+1 902-566-5199
http://www.charlottetowndentalclinic.ca/,Results,"îƒˆ35 Grafton St, Charlottetown, PE C1A 1K6, Canada",PE C1A 1K6,Canada,î‚°+1 902-566-1515
https://www.cornwalldentalcare.com/,Results,"îƒˆ4 Meadowbank Rd Unit 8, Cornwall, PE C0A 1H0, Canada",PE C0A 1H0,Canada,î‚°+1 902-816-1904
https://parkdaledentalclinic.ca/,Results,"îƒˆ103 St Peters Rd, Charlottetown, PE C1A 5P1, Canada",PE C1A 5P1,Canada,î‚°+1 902-566-1123
https://www.southportdentalclinic.ca/site/home?utm_source=G&utm_medium=LPM&utm_campaign=DentalCorp,Results,"îƒˆ5 Glen Stewart Dr, Stratford, PE C1B 2A8, Canada",PE C1B 2A8,Canada,î‚°+1 902-813-6093
https://www.redshoredental.ca/?utm_source=https://www.redshoredental.ca/services&utm_medium=organic&utm_campaign=gmb-listing,Results,"îƒˆ110 Kensington Rd, Charlottetown, PE C1A 5J5, Canada",PE C1A 5J5,Canada,î‚°+1 902-620-7222
https://www.downtowndentalpei.com/site/home?utm_source=G&utm_medium=LPM&utm_campaign=DentalCorp,Results,"îƒˆ232 Queen St Ste 100, Charlottetown, PE C1A 4B8, Canada",PE C1A 4B8,Canada,î‚°+1 902-813-1930
https://www.islandsmilesdentistry.ca/?utm_source=https://www.islandsmilesdentistry.ca/services&utm_medium=organic&utm_campaign=gmb-listing,Results,"îƒˆ388 Central St Ste B, Summerside, PE C1N 0H6, Canada",PE C1N 0H6,Canada,î‚°+1 902-436-2642
http://rochfordfamilydental.com/,Results,"îƒˆ45 Rochford St, Charlottetown, PE C1A 3T2, Canada",PE C1A 3T2,Canada,î‚°+1 902-894-9232
http://riverviewdentalpei.com/campbell,Results,"îƒˆ1 Garfield St, Charlottetown, PE C1A 6A4, Canada",PE C1A 6A4,Canada,î‚°+1 902-367-4481
http://murphyspharmacies.com/,Results,"îƒˆ25 Sunset Crescent, Morell, PE C0A 1S0, Canada",PE C0A 1S0,Canada,î‚°+1 902-961-3240
http://www.allaboutmepei.ca/,Results,"îƒˆ571 Main St, Montague, PE C0A 1R0, Canada",PE C0A 1R0,Canada,î‚°+1 902-500-2355
https://www.facebook.com/HamptonDentalClinic,Results,"îƒˆ19566 Trans Canada Hwy-Rte 1, Crapaud, PE C0A 1J0, Canada",PE C0A 1J0,Canada,î‚°+1 902-658-2919
https://www.islandmobiledentalhygiene.com/,Results,"îƒˆ28C Myrtle St, Stratford, PE C1B 2W2, Canada",PE C1B 2W2,Canada,î‚°+1 902-707-6453
https://www.princeedwardisland.ca/en/information/health-pei/dental-health-services,Results,"îƒˆ152 St Peters Rd, Charlottetown, PE C1A 5P8, Canada",PE C1A 5P8,Canada,î‚°+1 902-368-5460
http://www.lenoxdental.ca/,Results,"îƒˆ140 Water St, Charlottetown, PE C1A 1A8, Canada",PE C1A 1A8,Canada,î‚°+1 902-894-4841
http://www.tignishdentalclinic.ca/,Results,"îƒˆ305 Church St, Tignish, PE C0B 2B0, Canada",PE C0B 2B0,Canada,î‚°+1 902-882-2483
http://4kidsdentistry.ca/,Results,"îƒˆ1B Garfield St, Charlottetown, PE C1A 6A4, Canada",PE C1A 6A4,Canada,î‚°+1 902-370-5437
https://akitu.io/zukUk,Results,"îƒˆ27014 PE-2 #104, Summerside, PE C1N 4J8, Canada",PE C1N 4J8,Canada,î‚°+1 902-439-5455
https://www.seasidesmileshygiene.ca/,Results,"îƒˆ7 Green St, Souris, PE C0A 2B0, Canada",PE C0A 2B0,Canada,î‚°+1 902-687-2822
https://www.thedentalcentrepei.com/,Results,"îƒˆ202 Maceachern St, Summerside, PE C1N 5V4, Canada",PE C1N 5V4,Canada,î‚°+1 902-436-4444
https://summitcentre.com/,Results,"îƒˆ342 Grafton St, Charlottetown, PE C1A 1L8, Canada",PE C1A 1L8,Canada,î‚°+1 902-892-7600
https://www.princeedwardisland.ca/en/information/health-pei/provincial-dental-care-program,Results,"îƒˆ205 Linden Ave, Summerside, PE C1N 2K4, Canada",PE C1N 2K4,Canada,î‚°+1 902-368-5460
https://www.gatewaydentalpei.com/team/dr-marla-peters,Results,"îƒˆ369 Grafton St, Charlottetown, PE C1A 1M1, Canada",PE C1A 1M1,Canada,î‚°+1 902-894-8900
